,CLOSE
2007-01-08,3220.0
2007-01-09,3220.0
2007-01-10,3230.0
2007-01-11,3240.0
2007-01-12,3240.0
2007-01-15,3240.0
2007-01-16,3250.0
2007-01-17,3250.0
2007-01-18,3260.0
2007-01-19,3260.0
2007-01-22,3260.0
2007-01-23,3270.0
2007-01-24,3270.0
2007-01-25,3270.0
2007-01-26,3280.0
2007-01-29,3280.0
2007-01-30,3280.0
2007-01-31,3280.0
2007-02-01,3330.0
2007-02-02,3330.0
2007-02-05,3330.0
2007-02-06,3330.0
2007-02-07,3330.0
2007-02-08,3330.0
2007-02-09,3330.0
2007-02-12,3330.0
2007-02-13,3330.0
2007-02-14,3330.0
2007-02-15,3330.0
2007-02-16,3330.0
2007-02-26,3330.0
2007-02-27,3330.0
2007-02-28,3330.0
2007-03-01,3340.0
2007-03-02,3340.0
2007-03-05,3340.0
2007-03-06,3350.0
2007-03-07,3350.0
2007-03-08,3350.0
2007-03-09,3350.0
2007-03-12,3350.0
2007-03-13,3330.0
2007-03-14,3330.0
2007-03-15,3330.0
2007-03-16,3300.0
2007-03-19,3300.0
2007-03-20,3300.0
2007-03-21,3310.0
2007-03-22,3310.0
2007-03-23,3310.0
2007-03-26,3310.0
2007-03-27,3310.0
2007-03-28,3310.0
2007-03-29,3310.0
2007-03-30,3310.0
2007-04-02,3300.0
2007-04-03,3280.0
2007-04-04,3280.0
2007-04-05,3280.0
2007-04-06,3280.0
2007-04-09,3270.0
2007-04-10,3270.0
2007-04-11,3270.0
2007-04-12,3270.0
2007-04-13,3280.0
2007-04-16,3300.0
2007-04-17,3310.0
2007-04-18,3330.0
2007-04-19,3330.0
2007-04-20,3340.0
2007-04-23,3350.0
2007-04-24,3370.0
2007-04-25,3380.0
2007-04-26,3380.0
2007-04-27,3380.0
2007-04-30,3380.0
2007-05-08,3480.0
2007-05-09,3530.0
2007-05-10,3540.0
2007-05-11,3570.0
2007-05-14,3570.0
2007-05-15,3570.0
2007-05-16,3550.0
2007-05-17,3540.0
2007-05-18,3530.0
2007-05-21,3520.0
2007-05-22,3490.0
2007-05-23,3430.0
2007-05-24,3420.0
2007-05-25,3400.0
2007-05-28,3400.0
2007-05-29,3410.0
2007-05-30,3420.0
2007-05-31,3420.0
2007-06-01,3420.0
2007-06-04,3420.0
2007-06-05,3420.0
2007-06-06,3400.0
2007-06-07,3370.0
2007-06-08,3360.0
2007-06-11,3360.0
2007-06-12,3360.0
2007-06-13,3360.0
2007-06-14,3360.0
2007-06-15,3360.0
2007-06-18,3360.0
2007-06-19,3370.0
2007-06-20,3370.0
2007-06-21,3370.0
2007-06-22,3390.0
2007-06-25,3400.0
2007-06-26,3420.0
2007-06-27,3420.0
2007-06-28,3420.0
2007-06-29,3420.0
2007-07-02,3420.0
2007-07-03,3440.0
2007-07-04,3440.0
2007-07-05,3440.0
2007-07-06,3440.0
2007-07-09,3470.0
2007-07-10,3470.0
2007-07-11,3470.0
2007-07-12,3470.0
2007-07-13,3470.0
2007-07-16,3470.0
2007-07-17,3490.0
2007-07-18,3490.0
2007-07-19,3500.0
2007-07-20,3550.0
2007-07-23,3600.0
2007-07-24,3610.0
2007-07-25,3660.0
2007-07-26,3690.0
2007-07-27,3700.0
2007-07-30,3730.0
2007-07-31,3730.0
2007-08-01,3760.0
2007-08-02,3760.0
2007-08-03,3760.0
2007-08-06,3760.0
2007-08-07,3760.0
2007-08-08,3750.0
2007-08-09,3740.0
2007-08-10,3740.0
2007-08-13,3740.0
2007-08-14,3740.0
2007-08-15,3740.0
2007-08-16,3740.0
2007-08-17,3780.0
2007-08-20,3830.0
2007-08-21,3880.0
2007-08-22,3910.0
2007-08-23,3910.0
2007-08-24,3910.0
2007-08-27,3910.0
2007-08-28,3910.0
2007-08-29,3940.0
2007-08-30,3950.0
2007-08-31,4000.0
2007-09-03,4050.0
2007-09-04,4080.0
2007-09-05,4110.0
2007-09-06,4120.0
2007-09-07,4120.0
2007-09-10,4120.0
2007-09-11,4130.0
2007-09-12,4110.0
2007-09-13,4090.0
2007-09-14,4070.0
2007-09-17,4060.0
2007-09-18,4050.0
2007-09-19,4050.0
2007-09-20,4050.0
2007-09-21,4050.0
2007-09-24,4050.0
2007-09-25,4050.0
2007-09-26,4020.0
2007-09-27,4000.0
2007-09-28,3990.0
2007-10-08,3990.0
2007-10-09,3990.0
2007-10-10,4020.0
2007-10-11,4040.0
2007-10-12,4040.0
2007-10-15,4050.0
2007-10-16,4050.0
2007-10-17,4050.0
2007-10-18,4050.0
2007-10-19,4040.0
2007-10-22,4040.0
2007-10-23,4050.0
2007-10-24,4050.0
2007-10-25,4050.0
2007-10-26,4050.0
2007-10-29,4070.0
2007-10-30,4080.0
2007-10-31,4080.0
2007-11-01,4080.0
2007-11-02,4080.0
2007-11-05,4100.0
2007-11-06,4120.0
2007-11-07,4140.0
2007-11-08,4160.0
2007-11-09,4200.0
2007-11-12,4340.0
2007-11-13,4370.0
2007-11-14,4370.0
2007-11-15,4370.0
2007-11-16,4370.0
2007-11-19,4340.0
2007-11-20,4310.0
2007-11-21,4310.0
2007-11-22,4310.0
2007-11-23,4330.0
2007-11-26,4350.0
2007-11-27,4400.0
2007-11-28,4450.0
2007-11-29,4480.0
2007-11-30,4520.0
2007-12-03,4610.0
2007-12-04,4710.0
2007-12-05,4750.0
2007-12-06,4700.0
2007-12-07,4630.0
2007-12-10,4580.0
2007-12-11,4640.0
2007-12-12,4690.0
2007-12-13,4690.0
2007-12-14,4690.0
2007-12-17,4650.0
2007-12-18,4600.0
2007-12-19,4550.0
2007-12-20,4520.0
2007-12-21,4470.0
2007-12-24,4470.0
2007-12-25,4470.0
2007-12-26,4460.0
2007-12-27,4460.0
2007-12-28,4460.0
2008-01-02,4490.0
2008-01-03,4500.0
2008-01-04,4500.0
2008-01-07,4500.0
2008-01-08,4500.0
2008-01-09,4480.0
2008-01-10,4460.0
2008-01-11,4440.0
2008-01-14,4420.0
2008-01-15,4410.0
2008-01-16,4400.0
2008-01-17,4400.0
2008-01-18,4380.0
2008-01-21,4380.0
2008-01-22,4360.0
2008-01-23,4360.0
2008-01-24,4360.0
2008-01-25,4360.0
2008-01-28,4360.0
2008-01-29,4360.0
2008-01-30,4360.0
2008-01-31,4380.0
2008-02-01,4380.0
2008-02-04,4380.0
2008-02-05,4380.0
2008-02-13,4400.0
2008-02-14,4400.0
2008-02-15,4440.0
2008-02-18,4580.0
2008-02-19,4680.0
2008-02-20,4710.0
2008-02-21,4770.0
2008-02-22,4800.0
2008-02-25,4800.0
2008-02-26,4770.0
2008-02-27,4770.0
2008-02-28,4790.0
2008-02-29,4840.0
2008-03-03,4980.0
2008-03-04,5000.0
2008-03-05,4970.0
2008-03-06,4930.0
2008-03-07,4910.0
2008-03-10,4860.0
2008-03-11,4900.0
2008-03-12,4900.0
2008-03-13,4860.0
2008-03-14,4820.0
2008-03-17,4820.0
2008-03-18,4820.0
2008-03-19,4800.0
2008-03-20,4800.0
2008-03-21,4800.0
2008-03-24,4800.0
2008-03-25,4800.0
2008-03-26,4810.0
2008-03-27,4830.0
2008-03-28,4860.0
2008-03-31,4880.0
2008-04-01,4930.0
2008-04-02,4950.0
2008-04-03,4970.0
2008-04-07,4990.0
2008-04-08,5000.0
2008-04-09,5010.0
2008-04-10,5010.0
2008-04-11,5010.0
2008-04-14,5010.0
2008-04-15,5010.0
2008-04-16,5010.0
2008-04-17,5010.0
2008-04-18,5010.0
2008-04-21,5010.0
2008-04-22,5060.0
2008-04-23,5150.0
2008-04-24,5250.0
2008-04-25,5350.0
2008-04-28,5400.0
2008-04-29,5470.0
2008-04-30,5470.0
2008-05-05,5650.0
2008-05-06,5650.0
2008-05-07,5630.0
2008-05-08,5560.0
2008-05-09,5530.0
2008-05-12,5610.0
2008-05-13,5690.0
2008-05-14,5690.0
2008-05-15,5660.0
2008-05-16,5610.0
2008-05-19,5590.0
2008-05-20,5530.0
2008-05-21,5510.0
2008-05-22,5530.0
2008-05-23,5600.0
2008-05-26,5600.0
2008-05-27,5600.0
2008-05-28,5600.0
2008-05-29,5600.0
2008-05-30,5600.0
2008-06-02,5630.0
2008-06-03,5680.0
2008-06-04,5710.0
2008-06-05,5710.0
2008-06-06,5710.0
2008-06-10,5710.0
2008-06-11,5680.0
2008-06-12,5660.0
2008-06-13,5610.0
2008-06-16,5570.0
2008-06-17,5550.0
2008-06-18,5530.0
2008-06-19,5460.0
2008-06-20,5430.0
2008-06-23,5450.0
2008-06-24,5450.0
2008-06-25,5450.0
2008-06-26,5450.0
2008-06-27,5450.0
2008-06-30,5430.0
2008-07-01,5450.0
2008-07-02,5470.0
2008-07-03,5490.0
2008-07-04,5490.0
2008-07-07,5500.0
2008-07-08,5510.0
2008-07-09,5510.0
2008-07-10,5510.0
2008-07-11,5510.0
2008-07-14,5480.0
2008-07-15,5460.0
2008-07-16,5460.0
2008-07-17,5450.0
2008-07-18,5450.0
2008-07-21,5430.0
2008-07-22,5420.0
2008-07-23,5420.0
2008-07-24,5390.0
2008-07-25,5380.0
2008-07-28,5370.0
2008-07-29,5360.0
2008-07-30,5360.0
2008-07-31,5360.0
2008-08-01,5330.0
2008-08-04,5330.0
2008-08-05,5300.0
2008-08-06,5270.0
2008-08-07,5250.0
2008-08-08,5230.0
2008-08-11,5220.0
2008-08-12,5220.0
2008-08-13,5220.0
2008-08-14,5200.0
2008-08-15,5180.0
2008-08-18,5160.0
2008-08-19,5140.0
2008-08-20,5090.0
2008-08-21,5050.0
2008-08-22,5010.0
2008-08-25,4950.0
2008-08-26,4920.0
2008-08-27,4900.0
2008-08-28,4880.0
2008-08-29,4890.0
2008-09-01,4980.0
2008-09-02,5010.0
2008-09-03,5030.0
2008-09-04,5030.0
2008-09-05,5000.0
2008-09-08,4980.0
2008-09-09,4910.0
2008-09-10,4820.0
2008-09-11,4780.0
2008-09-12,4760.0
2008-09-16,4760.0
2008-09-17,4760.0
2008-09-18,4750.0
2008-09-19,4750.0
2008-09-22,4740.0
2008-09-23,4710.0
2008-09-24,4690.0
2008-09-25,4660.0
2008-09-26,4620.0
2008-10-06,4580.0
2008-10-07,4480.0
2008-10-08,4230.0
2008-10-09,3970.0
2008-10-10,3860.0
2008-10-13,3670.0
2008-10-14,3460.0
2008-10-15,3430.0
2008-10-16,3320.0
2008-10-17,3210.0
2008-10-20,3510.0
2008-10-21,3660.0
2008-10-22,3580.0
2008-10-23,3500.0
2008-10-24,3420.0
2008-10-27,3550.0
2008-10-28,3520.0
2008-10-29,3520.0
2008-10-30,3590.0
2008-10-31,3640.0
2008-11-03,3690.0
2008-11-04,3630.0
2008-11-05,3600.0
2008-11-06,3490.0
2008-11-07,3540.0
2008-11-10,3560.0
2008-11-11,3580.0
2008-11-12,3580.0
2008-11-13,3560.0
2008-11-14,3560.0
2008-11-17,3580.0
2008-11-18,3580.0
2008-11-19,3550.0
2008-11-20,3520.0
2008-11-21,3520.0
2008-11-24,3520.0
2008-11-25,3520.0
2008-11-26,3520.0
2008-11-27,3520.0
2008-11-28,3520.0
2008-12-01,3520.0
2008-12-02,3550.0
2008-12-03,3590.0
2008-12-04,3640.0
2008-12-05,3640.0
2008-12-08,3640.0
2008-12-09,3640.0
2008-12-10,3630.0
2008-12-11,3620.0
2008-12-12,3600.0
2008-12-15,3600.0
2008-12-16,3590.0
2008-12-17,3580.0
2008-12-18,3580.0
2008-12-19,3580.0
2008-12-22,3580.0
2008-12-23,3580.0
2008-12-24,3580.0
2008-12-25,3580.0
2008-12-26,3580.0
2008-12-29,3580.0
2008-12-30,3600.0
2008-12-31,3630.0
2009-01-05,3710.0
2009-01-06,3760.0
2009-01-07,3760.0
2009-01-08,3740.0
2009-01-09,3720.0
2009-01-12,3720.0
2009-01-13,3720.0
2009-01-14,3720.0
2009-01-15,3720.0
2009-01-16,3730.0
2009-01-19,3730.0
2009-01-20,3730.0
2009-01-21,3730.0
2009-01-22,3730.0
2009-01-23,3730.0
2009-02-02,3750.0
2009-02-03,3850.0
2009-02-04,3870.0
2009-02-05,3870.0
2009-02-06,3870.0
2009-02-09,3850.0
2009-02-10,3770.0
2009-02-11,3770.0
2009-02-12,3740.0
2009-02-13,3710.0
2009-02-16,3680.0
2009-02-17,3610.0
2009-02-18,3520.0
2009-02-19,3480.0
2009-02-20,3480.0
2009-02-23,3520.0
2009-02-24,3470.0
2009-02-25,3420.0
2009-02-26,3340.0
2009-02-27,3340.0
2009-03-02,3290.0
2009-03-03,3250.0
2009-03-04,3240.0
2009-03-05,3230.0
2009-03-06,3250.0
2009-03-09,3350.0
2009-03-10,3360.0
2009-03-11,3310.0
2009-03-12,3230.0
2009-03-13,3190.0
2009-03-16,3190.0
2009-03-17,3210.0
2009-03-18,3200.0
2009-03-19,3180.0
2009-03-20,3180.0
2009-03-23,3180.0
2009-03-24,3190.0
2009-03-25,3220.0
2009-03-26,3250.0
2009-03-27,3250.0
2009-03-30,3250.0
2009-03-31,3250.0
2009-04-01,3230.0
2009-04-02,3200.0
2009-04-03,3170.0
2009-04-07,3150.0
2009-04-08,3170.0
2009-04-09,3170.0
2009-04-10,3180.0
2009-04-13,3190.0
2009-04-14,3200.0
2009-04-15,3210.0
2009-04-16,3270.0
2009-04-17,3300.0
2009-04-20,3320.0
2009-04-21,3300.0
2009-04-22,3300.0
2009-04-23,3280.0
2009-04-24,3270.0
2009-04-27,3290.0
2009-04-28,3330.0
2009-04-29,3360.0
2009-04-30,3360.0
2009-05-04,3360.0
2009-05-05,3380.0
2009-05-06,3380.0
2009-05-07,3380.0
2009-05-08,3420.0
2009-05-11,3500.0
2009-05-12,3530.0
2009-05-13,3530.0
2009-05-14,3510.0
2009-05-15,3510.0
2009-05-18,3510.0
2009-05-19,3510.0
2009-05-20,3510.0
2009-05-21,3530.0
2009-05-22,3540.0
2009-05-25,3540.0
2009-05-26,3540.0
2009-05-27,3540.0
2009-06-01,3590.0
2009-06-02,3590.0
2009-06-03,3590.0
2009-06-04,3590.0
2009-06-05,3590.0
2009-06-08,3590.0
2009-06-09,3580.0
2009-06-10,3580.0
2009-06-11,3580.0
2009-06-12,3600.0
2009-06-15,3610.0
2009-06-16,3640.0
2009-06-17,3660.0
2009-06-18,3660.0
2009-06-19,3660.0
2009-06-22,3760.0
2009-06-23,3790.0
2009-06-24,3770.0
2009-06-25,3750.0
2009-06-26,3700.0
2009-06-29,3670.0
2009-06-30,3650.0
2009-07-01,3650.0
2009-07-02,3670.0
2009-07-03,3720.0
2009-07-06,3750.0
2009-07-07,3800.0
2009-07-08,3800.0
2009-07-09,3810.0
2009-07-10,3810.0
2009-07-13,3840.0
2009-07-14,3880.0
2009-07-15,3920.0
2009-07-16,3920.0
2009-07-17,3920.0
2009-07-20,3920.0
2009-07-21,3920.0
2009-07-22,3920.0
2009-07-23,3940.0
2009-07-24,3980.0
2009-07-27,4010.0
2009-07-28,4040.0
2009-07-29,4120.0
2009-07-30,4150.0
2009-07-31,4160.0
2009-08-03,4440.0
2009-08-04,4520.0
2009-08-05,4510.0
2009-08-06,4420.0
2009-08-07,4310.0
2009-08-10,4230.0
2009-08-11,4130.0
2009-08-12,4030.0
2009-08-13,3960.0
2009-08-14,3960.0
2009-08-17,4000.0
2009-08-18,3910.0
2009-08-19,3760.0
2009-08-20,3730.0
2009-08-21,3810.0
2009-08-24,3760.0
2009-08-25,3680.0
2009-08-26,3620.0
2009-08-27,3620.0
2009-08-28,3640.0
2009-08-31,3640.0
2009-09-01,3610.0
2009-09-02,3520.0
2009-09-03,3480.0
2009-09-04,3440.0
2009-09-07,3440.0
2009-09-08,3440.0
2009-09-09,3510.0
2009-09-10,3550.0
2009-09-11,3550.0
2009-09-14,3550.0
2009-09-15,3520.0
2009-09-16,3510.0
2009-09-17,3510.0
2009-09-18,3510.0
2009-09-21,3510.0
2009-09-22,3510.0
2009-09-23,3510.0
2009-09-24,3490.0
2009-09-25,3460.0
2009-09-28,3440.0
2009-09-29,3430.0
2009-09-30,3430.0
2009-10-09,3410.0
2009-10-12,3380.0
2009-10-13,3360.0
2009-10-14,3350.0
2009-10-15,3350.0
2009-10-16,3390.0
2009-10-19,3480.0
2009-10-20,3510.0
2009-10-21,3510.0
2009-10-22,3510.0
2009-10-23,3510.0
2009-10-26,3570.0
2009-10-27,3610.0
2009-10-28,3610.0
2009-10-29,3570.0
2009-10-30,3560.0
2009-11-02,3620.0
2009-11-03,3670.0
2009-11-04,3640.0
2009-11-05,3630.0
2009-11-06,3630.0
2009-11-09,3740.0
2009-11-10,3790.0
2009-11-11,3790.0
2009-11-12,3790.0
2009-11-13,3700.0
2009-11-16,3700.0
2009-11-17,3670.0
2009-11-18,3650.0
2009-11-19,3700.0
2009-11-20,3720.0
2009-11-23,3720.0
2009-11-24,3750.0
2009-11-25,3750.0
2009-11-26,3740.0
2009-11-27,3710.0
2009-11-30,3710.0
2009-12-01,3710.0
2009-12-02,3710.0
2009-12-03,3740.0
2009-12-04,3740.0
2009-12-07,3740.0
2009-12-08,3720.0
2009-12-09,3690.0
2009-12-10,3680.0
2009-12-11,3700.0
2009-12-14,3720.0
2009-12-15,3730.0
2009-12-16,3730.0
2009-12-17,3730.0
2009-12-18,3730.0
2009-12-21,3730.0
2009-12-22,3750.0
2009-12-23,3760.0
2009-12-24,3750.0
2009-12-25,3770.0
2009-12-28,3790.0
2009-12-29,3810.0
2009-12-30,3810.0
2009-12-31,3830.0
2010-01-04,3900.0
2010-01-05,3920.0
2010-01-06,3930.0
2010-01-07,3960.0
2010-01-08,3910.0
2010-01-11,3890.0
2010-01-12,3890.0
2010-01-13,3890.0
2010-01-14,3890.0
2010-01-15,3860.0
2010-01-18,3850.0
2010-01-19,3830.0
2010-01-20,3820.0
2010-01-21,3810.0
2010-01-22,3800.0
2010-01-25,3800.0
2010-01-26,3800.0
2010-01-27,3780.0
2010-01-28,3780.0
2010-01-29,3780.0
2010-02-01,3780.0
2010-02-02,3800.0
2010-02-03,3800.0
2010-02-04,3780.0
2010-02-05,3780.0
2010-02-08,3780.0
2010-02-09,3780.0
2010-02-10,3780.0
2010-02-11,3780.0
2010-02-12,3780.0
2010-02-22,3780.0
2010-02-23,3790.0
2010-02-24,3790.0
2010-02-25,3790.0
2010-02-26,3780.0
2010-03-01,3800.0
2010-03-02,3800.0
2010-03-03,3780.0
2010-03-04,3760.0
2010-03-05,3750.0
2010-03-08,3750.0
2010-03-09,3790.0
2010-03-10,3810.0
2010-03-11,3860.0
2010-03-12,3890.0
2010-03-15,3920.0
2010-03-16,3970.0
2010-03-17,4020.0
2010-03-18,4020.0
2010-03-19,4000.0
2010-03-22,4020.0
2010-03-23,4050.0
2010-03-24,4050.0
2010-03-25,4080.0
2010-03-26,4110.0
2010-03-29,4140.0
2010-03-30,4180.0
2010-03-31,4180.0
2010-04-01,4180.0
2010-04-02,4180.0
2010-04-06,4230.0
2010-04-07,4270.0
2010-04-08,4290.0
2010-04-09,4290.0
2010-04-12,4310.0
2010-04-13,4380.0
2010-04-14,4400.0
2010-04-15,4400.0
2010-04-16,4360.0
2010-04-19,4350.0
2010-04-20,4320.0
2010-04-21,4300.0
2010-04-22,4300.0
2010-04-23,4300.0
2010-04-26,4300.0
2010-04-27,4300.0
2010-04-28,4280.0
2010-04-29,4240.0
2010-04-30,4240.0
2010-05-04,4240.0
2010-05-05,4240.0
2010-05-06,4250.0
2010-05-07,4250.0
2010-05-10,4220.0
2010-05-11,4200.0
2010-05-12,4150.0
2010-05-13,4040.0
2010-05-14,3980.0
2010-05-17,3950.0
2010-05-18,3880.0
2010-05-19,3850.0
2010-05-20,3880.0
2010-05-21,3910.0
2010-05-24,3910.0
2010-05-25,3930.0
2010-05-26,3930.0
2010-05-27,3910.0
2010-05-28,3900.0
2010-05-31,3900.0
2010-06-01,3890.0
2010-06-02,3880.0
2010-06-03,3870.0
2010-06-04,3870.0
2010-06-07,3870.0
2010-06-08,3850.0
2010-06-09,3840.0
2010-06-10,3840.0
2010-06-11,3840.0
2010-06-17,3840.0
2010-06-18,3840.0
2010-06-21,3840.0
2010-06-22,3850.0
2010-06-23,3850.0
2010-06-24,3840.0
2010-06-25,3840.0
2010-06-28,3830.0
2010-06-29,3820.0
2010-06-30,3790.0
2010-07-01,3770.0
2010-07-02,3760.0
2010-07-05,3750.0
2010-07-06,3740.0
2010-07-07,3720.0
2010-07-08,3710.0
2010-07-09,3690.0
2010-07-12,3680.0
2010-07-13,3670.0
2010-07-14,3660.0
2010-07-15,3650.0
2010-07-16,3650.0
2010-07-19,3660.0
2010-07-20,3690.0
2010-07-21,3780.0
2010-07-22,3810.0
2010-07-23,3810.0
2010-07-26,3810.0
2010-07-27,3810.0
2010-07-28,3790.0
2010-07-29,3810.0
2010-07-30,3860.0
2010-08-02,3920.0
2010-08-03,4000.0
2010-08-04,3980.0
2010-08-05,3960.0
2010-08-06,3940.0
2010-08-09,3940.0
2010-08-10,4000.0
2010-08-11,4030.0
2010-08-12,4030.0
2010-08-13,4000.0
2010-08-16,3990.0
2010-08-17,4020.0
2010-08-18,4050.0
2010-08-19,4070.0
2010-08-20,4070.0
2010-08-23,4070.0
2010-08-24,4040.0
2010-08-25,4020.0
2010-08-26,4010.0
2010-08-27,4010.0
2010-08-30,4050.0
2010-08-31,4090.0
2010-09-01,4120.0
2010-09-02,4150.0
2010-09-03,4150.0
2010-09-06,4300.0
2010-09-07,4400.0
2010-09-08,4390.0
2010-09-09,4350.0
2010-09-10,4330.0
2010-09-13,4400.0
2010-09-14,4370.0
2010-09-15,4370.0
2010-09-16,4350.0
2010-09-17,4320.0
2010-09-20,4320.0
2010-09-21,4360.0
2010-09-27,4340.0
2010-09-28,4310.0
2010-09-29,4300.0
2010-09-30,4300.0
2010-10-08,4300.0
2010-10-11,4380.0
2010-10-12,4380.0
2010-10-13,4360.0
2010-10-14,4350.0
2010-10-15,4340.0
2010-10-18,4340.0
2010-10-19,4360.0
2010-10-20,4350.0
2010-10-21,4340.0
2010-10-22,4330.0
2010-10-25,4330.0
2010-10-26,4350.0
2010-10-27,4350.0
2010-10-28,4350.0
2010-10-29,4350.0
2010-11-01,4370.0
2010-11-02,4390.0
2010-11-03,4400.0
2010-11-04,4420.0
2010-11-05,4480.0
2010-11-08,4530.0
2010-11-09,4640.0
2010-11-10,4670.0
2010-11-11,4670.0
2010-11-12,4610.0
2010-11-15,4600.0
2010-11-16,4600.0
2010-11-17,4600.0
2010-11-18,4590.0
2010-11-19,4590.0
2010-11-22,4620.0
2010-11-23,4660.0
2010-11-24,4660.0
2010-11-25,4670.0
2010-11-26,4670.0
2010-11-29,4670.0
2010-11-30,4670.0
2010-12-01,4670.0
2010-12-02,4670.0
2010-12-03,4670.0
2010-12-06,4670.0
2010-12-07,4690.0
2010-12-08,4710.0
2010-12-09,4710.0
2010-12-10,4710.0
2010-12-13,4710.0
2010-12-14,4710.0
2010-12-15,4710.0
2010-12-16,4710.0
2010-12-17,4710.0
2010-12-20,4710.0
2010-12-21,4710.0
2010-12-22,4700.0
2010-12-23,4690.0
2010-12-24,4690.0
2010-12-27,4690.0
2010-12-28,4690.0
2010-12-29,4690.0
2010-12-30,4690.0
2010-12-31,4690.0
2011-01-04,4700.0
2011-01-05,4720.0
2011-01-06,4720.0
2011-01-07,4720.0
2011-01-10,4730.0
2011-01-11,4750.0
2011-01-12,4750.0
2011-01-13,4750.0
2011-01-14,4750.0
2011-01-17,4750.0
2011-01-18,4750.0
2011-01-19,4750.0
2011-01-20,4750.0
2011-01-21,4750.0
2011-01-24,4780.0
2011-01-25,4780.0
2011-01-26,4780.0
2011-01-27,4780.0
2011-01-28,4780.0
2011-01-31,4780.0
2011-02-01,4780.0
2011-02-09,4780.0
2011-02-10,4860.0
2011-02-11,4940.0
2011-02-14,4960.0
2011-02-15,4970.0
2011-02-16,4970.0
2011-02-17,4910.0
2011-02-18,4880.0
2011-02-21,4870.0
2011-02-22,4880.0
2011-02-23,4880.0
2011-02-24,4860.0
2011-02-25,4820.0
2011-02-28,4790.0
2011-03-01,4780.0
2011-03-02,4770.0
2011-03-03,4720.0
2011-03-04,4680.0
2011-03-07,4670.0
2011-03-08,4670.0
2011-03-09,4670.0
2011-03-10,4630.0
2011-03-11,4620.0
2011-03-14,4620.0
2011-03-15,4640.0
2011-03-16,4680.0
2011-03-17,4690.0
2011-03-18,4670.0
2011-03-21,4650.0
2011-03-22,4630.0
2011-03-23,4620.0
2011-03-24,4620.0
2011-03-25,4620.0
2011-03-28,4620.0
2011-03-29,4650.0
2011-03-30,4660.0
2011-03-31,4650.0
2011-04-01,4650.0
2011-04-06,4650.0
2011-04-07,4680.0
2011-04-08,4700.0
2011-04-11,4730.0
2011-04-12,4750.0
2011-04-13,4750.0
2011-04-14,4770.0
2011-04-15,4770.0
2011-04-18,4770.0
2011-04-19,4750.0
2011-04-20,4750.0
2011-04-21,4750.0
2011-04-22,4750.0
2011-04-25,4760.0
2011-04-26,4780.0
2011-04-27,4790.0
2011-04-28,4820.0
2011-04-29,4820.0
2011-05-03,4880.0
2011-05-04,4900.0
2011-05-05,4910.0
2011-05-06,4900.0
2011-05-09,4890.0
2011-05-10,4890.0
2011-05-11,4890.0
2011-05-12,4880.0
2011-05-13,4870.0
2011-05-16,4880.0
2011-05-17,4880.0
2011-05-18,4880.0
2011-05-19,4880.0
2011-05-20,4880.0
2011-05-23,4880.0
2011-05-24,4880.0
2011-05-25,4880.0
2011-05-26,4880.0
2011-05-27,4870.0
2011-05-30,4890.0
2011-05-31,4900.0
2011-06-01,4910.0
2011-06-02,4910.0
2011-06-03,4910.0
2011-06-07,4910.0
2011-06-08,4910.0
2011-06-09,4910.0
2011-06-10,4910.0
2011-06-13,4910.0
2011-06-14,4900.0
2011-06-15,4880.0
2011-06-16,4850.0
2011-06-17,4830.0
2011-06-20,4780.0
2011-06-21,4780.0
2011-06-22,4770.0
2011-06-23,4770.0
2011-06-24,4770.0
2011-06-27,4780.0
2011-06-28,4780.0
2011-06-29,4760.0
2011-06-30,4760.0
2011-07-01,4760.0
2011-07-04,4780.0
2011-07-05,4790.0
2011-07-06,4790.0
2011-07-07,4790.0
2011-07-08,4780.0
2011-07-11,4780.0
2011-07-12,4800.0
2011-07-13,4800.0
2011-07-14,4800.0
2011-07-15,4800.0
2011-07-18,4810.0
2011-07-19,4810.0
2011-07-20,4810.0
2011-07-21,4810.0
2011-07-22,4810.0
2011-07-25,4820.0
2011-07-26,4820.0
2011-07-27,4820.0
2011-07-28,4820.0
2011-07-29,4820.0
2011-08-01,4850.0
2011-08-02,4880.0
2011-08-03,4890.0
2011-08-04,4890.0
2011-08-05,4870.0
2011-08-08,4850.0
2011-08-09,4830.0
2011-08-10,4820.0
2011-08-11,4820.0
2011-08-12,4830.0
2011-08-15,4850.0
2011-08-16,4860.0
2011-08-17,4860.0
2011-08-18,4860.0
2011-08-19,4850.0
2011-08-22,4850.0
2011-08-23,4840.0
2011-08-24,4840.0
2011-08-25,4830.0
2011-08-26,4820.0
2011-08-29,4820.0
2011-08-30,4820.0
2011-08-31,4820.0
2011-09-01,4820.0
2011-09-02,4820.0
2011-09-05,4820.0
2011-09-06,4810.0
2011-09-07,4800.0
2011-09-08,4800.0
2011-09-09,4800.0
2011-09-13,4800.0
2011-09-14,4800.0
2011-09-15,4780.0
2011-09-16,4780.0
2011-09-19,4760.0
2011-09-20,4730.0
2011-09-21,4720.0
2011-09-22,4720.0
2011-09-23,4690.0
2011-09-26,4670.0
2011-09-27,4660.0
2011-09-28,4650.0
2011-09-29,4630.0
2011-09-30,4620.0
2011-10-10,4640.0
2011-10-11,4640.0
2011-10-12,4620.0
2011-10-13,4620.0
2011-10-14,4600.0
2011-10-17,4570.0
2011-10-18,4550.0
2011-10-19,4520.0
2011-10-20,4460.0
2011-10-21,4440.0
2011-10-24,4440.0
2011-10-25,4440.0
2011-10-26,4440.0
2011-10-27,4440.0
2011-10-28,4420.0
2011-10-31,4420.0
2011-11-01,4420.0
2011-11-02,4410.0
2011-11-03,4400.0
2011-11-04,4400.0
2011-11-07,4400.0
2011-11-08,4400.0
2011-11-09,4400.0
2011-11-10,4400.0
2011-11-11,4380.0
2011-11-14,4380.0
2011-11-15,4390.0
2011-11-16,4410.0
2011-11-17,4410.0
2011-11-18,4410.0
2011-11-21,4410.0
2011-11-22,4410.0
2011-11-23,4410.0
2011-11-24,4410.0
2011-11-25,4410.0
2011-11-28,4410.0
2011-11-29,4410.0
2011-11-30,4410.0
2011-12-01,4410.0
2011-12-02,4410.0
2011-12-05,4410.0
2011-12-06,4410.0
2011-12-07,4410.0
2011-12-08,4400.0
2011-12-09,4400.0
2011-12-12,4400.0
2011-12-13,4400.0
2011-12-14,4400.0
2011-12-15,4400.0
2011-12-16,4400.0
2011-12-19,4400.0
2011-12-20,4400.0
2011-12-21,4390.0
2011-12-22,4380.0
2011-12-23,4380.0
2011-12-26,4380.0
2011-12-27,4370.0
2011-12-28,4360.0
2011-12-29,4350.0
2011-12-30,4340.0
2012-01-04,4330.0
2012-01-05,4320.0
2012-01-06,4320.0
2012-01-09,4320.0
2012-01-10,4300.0
2012-01-11,4300.0
2012-01-12,4290.0
2012-01-13,4270.0
2012-01-16,4270.0
2012-01-17,4270.0
2012-01-18,4270.0
2012-01-19,4270.0
2012-01-20,4270.0
2012-01-30,4270.0
2012-01-31,4270.0
2012-02-01,4270.0
2012-02-02,4290.0
2012-02-03,4290.0
2012-02-06,4290.0
2012-02-07,4290.0
2012-02-08,4280.0
2012-02-09,4260.0
2012-02-10,4240.0
2012-02-13,4210.0
2012-02-14,4200.0
2012-02-15,4180.0
2012-02-16,4160.0
2012-02-17,4140.0
2012-02-20,4120.0
2012-02-21,4120.0
2012-02-22,4120.0
2012-02-23,4130.0
2012-02-24,4130.0
2012-02-27,4130.0
2012-02-28,4130.0
2012-02-29,4130.0
2012-03-01,4160.0
2012-03-02,4180.0
2012-03-05,4190.0
2012-03-06,4190.0
2012-03-07,4190.0
2012-03-08,4190.0
2012-03-09,4190.0
2012-03-12,4200.0
2012-03-13,4210.0
2012-03-14,4210.0
2012-03-15,4210.0
2012-03-16,4200.0
2012-03-19,4200.0
2012-03-20,4190.0
2012-03-21,4190.0
2012-03-22,4220.0
2012-03-23,4220.0
2012-03-26,4220.0
2012-03-27,4230.0
2012-03-28,4240.0
2012-03-29,4240.0
2012-03-30,4230.0
2012-04-05,4240.0
2012-04-06,4250.0
2012-04-09,4260.0
2012-04-10,4260.0
2012-04-11,4260.0
2012-04-12,4280.0
2012-04-13,4280.0
2012-04-16,4280.0
2012-04-17,4280.0
2012-04-18,4280.0
2012-04-19,4280.0
2012-04-20,4280.0
2012-04-23,4280.0
2012-04-24,4280.0
2012-04-25,4270.0
2012-04-26,4270.0
2012-04-27,4270.0
2012-05-02,4270.0
2012-05-03,4250.0
2012-05-04,4250.0
2012-05-07,4240.0
2012-05-08,4240.0
2012-05-09,4230.0
2012-05-10,4190.0
2012-05-11,4190.0
2012-05-14,4190.0
2012-05-15,4170.0
2012-05-16,4150.0
2012-05-17,4130.0
2012-05-18,4120.0
2012-05-21,4120.0
2012-05-22,4120.0
2012-05-23,4120.0
2012-05-24,4090.0
2012-05-25,4070.0
2012-05-28,4070.0
2012-05-29,4070.0
2012-05-30,4070.0
2012-05-31,4070.0
2012-06-01,4070.0
2012-06-04,4070.0
2012-06-05,4070.0
2012-06-06,4070.0
2012-06-07,4070.0
2012-06-08,4050.0
2012-06-11,4070.0
2012-06-12,4070.0
2012-06-13,4070.0
2012-06-14,4070.0
2012-06-15,4070.0
2012-06-18,4070.0
2012-06-19,4070.0
2012-06-20,4070.0
2012-06-21,4070.0
2012-06-25,4070.0
2012-06-26,4070.0
2012-06-27,4060.0
2012-06-28,4040.0
2012-06-29,4040.0
2012-07-02,4040.0
2012-07-03,4030.0
2012-07-04,4030.0
2012-07-05,4020.0
2012-07-06,4010.0
2012-07-09,4010.0
2012-07-10,3980.0
2012-07-11,3960.0
2012-07-12,3940.0
2012-07-13,3930.0
2012-07-16,3920.0
2012-07-17,3900.0
2012-07-18,3860.0
2012-07-19,3830.0
2012-07-20,3780.0
2012-07-23,3740.0
2012-07-24,3700.0
2012-07-25,3690.0
2012-07-26,3680.0
2012-07-27,3670.0
2012-07-30,3690.0
2012-07-31,3720.0
2012-08-01,3720.0
2012-08-02,3700.0
2012-08-03,3650.0
2012-08-06,3650.0
2012-08-07,3640.0
2012-08-08,3640.0
2012-08-09,3640.0
2012-08-10,3640.0
2012-08-13,3660.0
2012-08-14,3660.0
2012-08-15,3660.0
2012-08-16,3660.0
2012-08-17,3650.0
2012-08-20,3650.0
2012-08-21,3650.0
2012-08-22,3640.0
2012-08-23,3620.0
2012-08-24,3600.0
2012-08-27,3600.0
2012-08-28,3580.0
2012-08-29,3560.0
2012-08-30,3540.0
2012-08-31,3530.0
2012-09-03,3530.0
2012-09-04,3530.0
2012-09-05,3510.0
2012-09-06,3490.0
2012-09-07,3440.0
2012-09-10,3470.0
2012-09-11,3530.0
2012-09-12,3550.0
2012-09-13,3530.0
2012-09-14,3520.0
2012-09-17,3580.0
2012-09-18,3620.0
2012-09-19,3680.0
2012-09-20,3720.0
2012-09-21,3720.0
2012-09-24,3720.0
2012-09-25,3740.0
2012-09-26,3780.0
2012-09-27,3780.0
2012-09-28,3780.0
2012-10-08,3840.0
2012-10-09,3900.0
2012-10-10,3930.0
2012-10-11,3930.0
2012-10-12,3920.0
2012-10-15,3880.0
2012-10-16,3850.0
2012-10-17,3820.0
2012-10-18,3820.0
2012-10-19,3840.0
2012-10-22,3840.0
2012-10-23,3860.0
2012-10-24,3860.0
2012-10-25,3860.0
2012-10-26,3860.0
2012-10-29,3860.0
2012-10-30,3860.0
2012-10-31,3850.0
2012-11-01,3850.0
2012-11-02,3850.0
2012-11-05,3850.0
2012-11-06,3850.0
2012-11-07,3860.0
2012-11-08,3860.0
2012-11-09,3860.0
2012-11-12,3850.0
2012-11-13,3850.0
2012-11-14,3850.0
2012-11-15,3840.0
2012-11-16,3830.0
2012-11-19,3790.0
2012-11-20,3770.0
2012-11-21,3750.0
2012-11-22,3730.0
2012-11-23,3710.0
2012-11-26,3670.0
2012-11-27,3660.0
2012-11-28,3630.0
2012-11-29,3610.0
2012-11-30,3590.0
2012-12-03,3570.0
2012-12-04,3590.0
2012-12-05,3590.0
2012-12-06,3590.0
2012-12-07,3590.0
2012-12-10,3610.0
2012-12-11,3630.0
2012-12-12,3630.0
2012-12-13,3630.0
2012-12-14,3630.0
2012-12-17,3650.0
2012-12-18,3670.0
2012-12-19,3670.0
2012-12-20,3670.0
2012-12-21,3660.0
2012-12-24,3650.0
2012-12-25,3640.0
2012-12-26,3650.0
2012-12-27,3670.0
2012-12-28,3670.0
2012-12-31,3670.0
2013-01-04,3750.0
2013-01-07,3820.0
2013-01-08,3820.0
2013-01-09,3820.0
2013-01-10,3800.0
2013-01-11,3780.0
2013-01-14,3780.0
2013-01-15,3780.0
2013-01-16,3780.0
2013-01-17,3770.0
2013-01-18,3770.0
2013-01-21,3770.0
2013-01-22,3770.0
2013-01-23,3770.0
2013-01-24,3770.0
2013-01-25,3770.0
2013-01-28,3770.0
2013-01-29,3770.0
2013-01-30,3770.0
2013-01-31,3770.0
2013-02-01,3770.0
2013-02-04,3770.0
2013-02-05,3770.0
2013-02-06,3770.0
2013-02-07,3770.0
2013-02-08,3770.0
2013-02-18,3890.0
2013-02-19,3930.0
2013-02-20,3930.0
2013-02-21,3930.0
2013-02-22,3930.0
2013-02-25,3930.0
2013-02-26,3910.0
2013-02-27,3900.0
2013-02-28,3880.0
2013-03-01,3880.0
2013-03-04,3880.0
2013-03-05,3840.0
2013-03-06,3820.0
2013-03-07,3800.0
2013-03-08,3740.0
2013-03-11,3710.0
2013-03-12,3680.0
2013-03-13,3670.0
2013-03-14,3660.0
2013-03-15,3640.0
2013-03-18,3660.0
2013-03-19,3670.0
2013-03-20,3670.0
2013-03-21,3670.0
2013-03-22,3680.0
2013-03-25,3680.0
2013-03-26,3680.0
2013-03-27,3670.0
2013-03-28,3640.0
2013-03-29,3630.0
2013-04-01,3630.0
2013-04-02,3630.0
2013-04-03,3630.0
2013-04-08,3660.0
2013-04-09,3660.0
2013-04-10,3660.0
2013-04-11,3670.0
2013-04-12,3670.0
2013-04-15,3670.0
2013-04-16,3650.0
2013-04-17,3610.0
2013-04-18,3590.0
2013-04-19,3570.0
2013-04-22,3570.0
2013-04-23,3570.0
2013-04-24,3550.0
2013-04-25,3550.0
2013-04-26,3540.0
2013-05-02,3530.0
2013-05-03,3520.0
2013-05-06,3530.0
2013-05-07,3530.0
2013-05-08,3530.0
2013-05-09,3530.0
2013-05-10,3510.0
2013-05-13,3510.0
2013-05-14,3510.0
2013-05-15,3500.0
2013-05-16,3490.0
2013-05-17,3480.0
2013-05-20,3480.0
2013-05-21,3480.0
2013-05-22,3460.0
2013-05-23,3420.0
2013-05-24,3390.0
2013-05-27,3350.0
2013-05-28,3310.0
2013-05-29,3290.0
2013-05-30,3260.0
2013-05-31,3230.0
2013-06-03,3230.0
2013-06-04,3240.0
2013-06-05,3240.0
2013-06-06,3230.0
2013-06-07,3230.0
2013-06-13,3210.0
2013-06-14,3200.0
2013-06-17,3220.0
2013-06-18,3240.0
2013-06-19,3240.0
2013-06-20,3240.0
2013-06-21,3260.0
2013-06-24,3270.0
2013-06-25,3270.0
2013-06-26,3270.0
2013-06-27,3250.0
2013-06-28,3250.0
2013-07-01,3260.0
2013-07-02,3300.0
2013-07-03,3330.0
2013-07-04,3380.0
2013-07-05,3400.0
2013-07-08,3400.0
2013-07-09,3400.0
2013-07-10,3390.0
2013-07-11,3400.0
2013-07-12,3440.0
2013-07-15,3440.0
2013-07-16,3470.0
2013-07-17,3490.0
2013-07-18,3500.0
2013-07-19,3500.0
2013-07-22,3520.0
2013-07-23,3530.0
2013-07-24,3540.0
2013-07-25,3540.0
2013-07-26,3540.0
2013-07-29,3520.0
2013-07-30,3500.0
2013-07-31,3460.0
2013-08-01,3440.0
2013-08-02,3450.0
2013-08-05,3460.0
2013-08-06,3480.0
2013-08-07,3490.0
2013-08-08,3510.0
2013-08-09,3510.0
2013-08-12,3510.0
2013-08-13,3540.0
2013-08-14,3570.0
2013-08-15,3580.0
2013-08-16,3580.0
2013-08-19,3570.0
2013-08-20,3560.0
2013-08-21,3540.0
2013-08-22,3520.0
2013-08-23,3500.0
2013-08-26,3500.0
2013-08-27,3510.0
2013-08-28,3510.0
2013-08-29,3490.0
2013-08-30,3490.0
2013-09-02,3490.0
2013-09-03,3500.0
2013-09-04,3500.0
2013-09-05,3490.0
2013-09-06,3480.0
2013-09-09,3480.0
2013-09-10,3480.0
2013-09-11,3480.0
2013-09-12,3470.0
2013-09-13,3460.0
2013-09-16,3450.0
2013-09-17,3450.0
2013-09-18,3450.0
2013-09-23,3450.0
2013-09-24,3450.0
2013-09-25,3450.0
2013-09-26,3440.0
2013-09-27,3440.0
2013-09-30,3440.0
2013-10-08,3440.0
2013-10-09,3440.0
2013-10-10,3460.0
2013-10-11,3460.0
2013-10-14,3460.0
2013-10-15,3460.0
2013-10-16,3450.0
2013-10-17,3440.0
2013-10-18,3440.0
2013-10-21,3430.0
2013-10-22,3430.0
2013-10-23,3430.0
2013-10-24,3430.0
2013-10-25,3420.0
2013-10-28,3420.0
2013-10-29,3420.0
2013-10-30,3440.0
2013-10-31,3460.0
2013-11-01,3460.0
2013-11-04,3460.0
2013-11-05,3500.0
2013-11-06,3540.0
2013-11-07,3560.0
2013-11-08,3580.0
2013-11-11,3600.0
2013-11-12,3620.0
2013-11-13,3630.0
2013-11-14,3630.0
2013-11-15,3630.0
2013-11-18,3610.0
2013-11-19,3600.0
2013-11-20,3590.0
2013-11-21,3590.0
2013-11-22,3590.0
2013-11-25,3610.0
2013-11-26,3610.0
2013-11-27,3620.0
2013-11-28,3620.0
2013-11-29,3620.0
2013-12-02,3620.0
2013-12-03,3640.0
2013-12-04,3650.0
2013-12-05,3650.0
2013-12-06,3650.0
2013-12-09,3650.0
2013-12-10,3650.0
2013-12-11,3650.0
2013-12-12,3650.0
2013-12-13,3650.0
2013-12-16,3650.0
2013-12-17,3640.0
2013-12-18,3630.0
2013-12-19,3620.0
2013-12-20,3590.0
2013-12-23,3560.0
2013-12-24,3540.0
2013-12-25,3520.0
2013-12-26,3490.0
2013-12-27,3460.0
2013-12-30,3440.0
2013-12-31,3440.0
2014-01-02,3440.0
2014-01-03,3400.0
2014-01-06,3380.0
2014-01-07,3360.0
2014-01-08,3330.0
2014-01-09,3320.0
2014-01-10,3320.0
2014-01-13,3320.0
2014-01-14,3320.0
2014-01-15,3320.0
2014-01-16,3320.0
2014-01-17,3320.0
2014-01-20,3320.0
2014-01-21,3310.0
2014-01-22,3300.0
2014-01-23,3300.0
2014-01-24,3300.0
2014-01-27,3300.0
2014-01-28,3300.0
2014-01-29,3300.0
2014-01-30,3300.0
2014-02-07,3300.0
2014-02-10,3300.0
2014-02-11,3280.0
2014-02-12,3260.0
2014-02-13,3240.0
2014-02-14,3230.0
2014-02-17,3230.0
2014-02-18,3230.0
2014-02-19,3230.0
2014-02-20,3230.0
2014-02-21,3230.0
2014-02-24,3220.0
2014-02-25,3200.0
2014-02-26,3200.0
2014-02-27,3180.0
2014-02-28,3180.0
2014-03-03,3180.0
2014-03-04,3160.0
2014-03-05,3150.0
2014-03-06,3130.0
2014-03-07,3130.0
2014-03-10,3130.0
2014-03-11,3130.0
2014-03-12,3120.0
2014-03-13,3120.0
2014-03-14,3140.0
2014-03-17,3150.0
2014-03-18,3170.0
2014-03-19,3180.0
2014-03-20,3180.0
2014-03-21,3180.0
2014-03-24,3180.0
2014-03-25,3170.0
2014-03-26,3180.0
2014-03-27,3190.0
2014-03-28,3190.0
2014-03-31,3190.0
2014-04-01,3210.0
2014-04-02,3230.0
2014-04-03,3240.0
2014-04-04,3250.0
2014-04-08,3270.0
2014-04-09,3300.0
2014-04-10,3320.0
2014-04-11,3340.0
2014-04-14,3340.0
2014-04-15,3340.0
2014-04-16,3330.0
2014-04-17,3310.0
2014-04-18,3290.0
2014-04-21,3270.0
2014-04-22,3260.0
2014-04-23,3230.0
2014-04-24,3230.0
2014-04-25,3240.0
2014-04-28,3240.0
2014-04-29,3240.0
2014-04-30,3220.0
2014-05-05,3200.0
2014-05-06,3200.0
2014-05-07,3190.0
2014-05-08,3170.0
2014-05-09,3170.0
2014-05-12,3150.0
2014-05-13,3150.0
2014-05-14,3120.0
2014-05-15,3110.0
2014-05-16,3100.0
2014-05-19,3080.0
2014-05-20,3080.0
2014-05-21,3060.0
2014-05-22,3060.0
2014-05-23,3060.0
2014-05-26,3070.0
2014-05-27,3090.0
2014-05-28,3100.0
2014-05-29,3100.0
2014-05-30,3090.0
2014-06-03,3070.0
2014-06-04,3060.0
2014-06-05,3060.0
2014-06-06,3060.0
2014-06-09,3060.0
2014-06-10,3060.0
2014-06-11,3060.0
2014-06-12,3070.0
2014-06-13,3070.0
2014-06-16,3070.0
2014-06-17,3060.0
2014-06-18,3060.0
2014-06-19,3060.0
2014-06-20,3060.0
2014-06-23,3060.0
2014-06-24,3060.0
2014-06-25,3060.0
2014-06-26,3060.0
2014-06-27,3060.0
2014-06-30,3060.0
2014-07-01,3060.0
2014-07-02,3060.0
2014-07-03,3060.0
2014-07-04,3060.0
2014-07-07,3060.0
2014-07-08,3070.0
2014-07-09,3080.0
2014-07-10,3100.0
2014-07-11,3120.0
2014-07-14,3130.0
2014-07-15,3130.0
2014-07-16,3130.0
2014-07-17,3140.0
2014-07-18,3140.0
2014-07-21,3140.0
2014-07-22,3130.0
2014-07-23,3120.0
2014-07-24,3100.0
2014-07-25,3090.0
2014-07-28,3090.0
2014-07-29,3090.0
2014-07-30,3090.0
2014-07-31,3090.0
2014-08-01,3090.0
2014-08-04,3090.0
2014-08-05,3090.0
2014-08-06,3090.0
2014-08-07,3090.0
2014-08-08,3080.0
2014-08-11,3070.0
2014-08-12,3060.0
2014-08-13,3060.0
2014-08-14,3040.0
2014-08-15,3020.0
2014-08-18,3000.0
2014-08-19,2990.0
2014-08-20,2990.0
2014-08-21,2970.0
2014-08-22,2960.0
2014-08-25,2940.0
2014-08-26,2930.0
2014-08-27,2910.0
2014-08-28,2890.0
2014-08-29,2890.0
2014-09-01,2870.0
2014-09-02,2860.0
2014-09-03,2840.0
2014-09-04,2820.0
2014-09-05,2810.0
2014-09-09,2790.0
2014-09-10,2780.0
2014-09-11,2770.0
2014-09-12,2770.0
2014-09-15,2810.0
2014-09-16,2830.0
2014-09-17,2850.0
2014-09-18,2840.0
2014-09-19,2830.0
2014-09-22,2800.0
2014-09-23,2770.0
2014-09-24,2760.0
2014-09-25,2760.0
2014-09-26,2760.0
2014-09-29,2780.0
2014-09-30,2780.0
2014-10-08,2800.0
2014-10-09,2800.0
2014-10-10,2810.0
2014-10-13,2850.0
2014-10-14,2880.0
2014-10-15,2880.0
2014-10-16,2880.0
2014-10-17,2880.0
2014-10-20,2880.0
2014-10-21,2910.0
2014-10-22,2910.0
2014-10-23,2910.0
2014-10-24,2910.0
2014-10-27,2910.0
2014-10-28,2920.0
2014-10-29,2920.0
2014-10-30,2920.0
2014-10-31,2920.0
2014-11-03,2920.0
2014-11-04,2940.0
2014-11-05,2940.0
2014-11-06,2940.0
2014-11-07,2940.0
2014-11-10,2940.0
2014-11-11,2940.0
2014-11-12,2930.0
2014-11-13,2930.0
2014-11-14,2930.0
2014-11-17,2910.0
2014-11-18,2890.0
2014-11-19,2880.0
2014-11-20,2860.0
2014-11-21,2840.0
2014-11-24,2840.0
2014-11-25,2840.0
2014-11-26,2830.0
2014-11-27,2830.0
2014-11-28,2830.0
2014-12-01,2830.0
2014-12-02,2830.0
2014-12-03,2820.0
2014-12-04,2810.0
2014-12-05,2800.0
2014-12-08,2790.0
2014-12-09,2780.0
2014-12-10,2770.0
2014-12-11,2760.0
2014-12-12,2750.0
2014-12-15,2750.0
2014-12-16,2740.0
2014-12-17,2740.0
2014-12-18,2730.0
2014-12-19,2720.0
2014-12-22,2700.0
2014-12-23,2690.0
2014-12-24,2690.0
2014-12-25,2680.0
2014-12-26,2660.0
2014-12-29,2660.0
2014-12-30,2660.0
2014-12-31,2670.0
2015-01-05,2680.0
2015-01-06,2680.0
2015-01-07,2670.0
2015-01-08,2650.0
2015-01-09,2640.0
2015-01-12,2620.0
2015-01-13,2610.0
2015-01-14,2590.0
2015-01-15,2570.0
2015-01-16,2530.0
2015-01-19,2500.0
2015-01-20,2480.0
2015-01-21,2480.0
2015-01-22,2460.0
2015-01-23,2440.0
2015-01-26,2410.0
2015-01-27,2390.0
2015-01-28,2370.0
2015-01-29,2370.0
2015-01-30,2370.0
2015-02-02,2370.0
2015-02-03,2370.0
2015-02-04,2370.0
2015-02-05,2370.0
2015-02-06,2370.0
2015-02-09,2370.0
2015-02-10,2370.0
2015-02-11,2370.0
2015-02-12,2370.0
2015-02-13,2370.0
2015-02-16,2370.0
2015-02-17,2370.0
2015-02-25,2370.0
2015-02-26,2360.0
2015-02-27,2360.0
2015-03-02,2360.0
2015-03-03,2360.0
2015-03-04,2360.0
2015-03-05,2350.0
2015-03-06,2340.0
2015-03-09,2330.0
2015-03-10,2330.0
2015-03-11,2310.0
2015-03-12,2300.0
2015-03-13,2320.0
2015-03-16,2340.0
2015-03-17,2360.0
2015-03-18,2380.0
2015-03-19,2380.0
2015-03-20,2380.0
2015-03-23,2430.0
2015-03-24,2480.0
2015-03-25,2480.0
2015-03-26,2480.0
2015-03-27,2450.0
2015-03-30,2430.0
2015-03-31,2430.0
2015-04-01,2440.0
2015-04-02,2440.0
2015-04-03,2420.0
2015-04-07,2400.0
2015-04-08,2370.0
2015-04-09,2350.0
2015-04-10,2330.0
2015-04-13,2300.0
2015-04-14,2310.0
2015-04-15,2310.0
2015-04-16,2310.0
2015-04-17,2290.0
2015-04-20,2290.0
2015-04-21,2260.0
2015-04-22,2250.0
2015-04-23,2250.0
2015-04-24,2270.0
2015-04-27,2300.0
2015-04-28,2310.0
2015-04-29,2320.0
2015-04-30,2320.0
2015-05-04,2320.0
2015-05-05,2320.0
2015-05-06,2320.0
2015-05-07,2310.0
2015-05-08,2310.0
2015-05-11,2310.0
2015-05-12,2300.0
2015-05-13,2290.0
2015-05-14,2270.0
2015-05-15,2260.0
2015-05-18,2250.0
2015-05-19,2240.0
2015-05-20,2220.0
2015-05-21,2210.0
2015-05-22,2210.0
2015-05-25,2210.0
2015-05-26,2210.0
2015-05-27,2210.0
2015-05-28,2210.0
2015-05-29,2200.0
2015-06-01,2190.0
2015-06-02,2190.0
2015-06-03,2180.0
2015-06-04,2170.0
2015-06-05,2150.0
2015-06-08,2150.0
2015-06-09,2140.0
2015-06-10,2130.0
2015-06-11,2130.0
2015-06-12,2130.0
2015-06-15,2130.0
2015-06-16,2120.0
2015-06-17,2110.0
2015-06-18,2090.0
2015-06-19,2070.0
2015-06-23,2050.0
2015-06-24,2030.0
2015-06-25,2030.0
2015-06-26,2020.0
2015-06-29,2010.0
2015-06-30,2010.0
2015-07-01,2000.0
2015-07-02,1980.0
2015-07-03,1960.0
2015-07-06,1930.0
2015-07-07,1920.0
2015-07-08,1910.0
2015-07-09,1910.0
2015-07-10,1910.0
2015-07-13,1910.0
2015-07-14,1910.0
2015-07-15,1910.0
2015-07-16,1900.0
2015-07-17,1890.0
2015-07-20,1910.0
2015-07-21,1950.0
2015-07-22,1960.0
2015-07-23,1940.0
2015-07-24,1920.0
2015-07-27,1950.0
2015-07-28,1990.0
2015-07-29,2030.0
2015-07-30,2090.0
2015-07-31,2090.0
2015-08-03,2160.0
2015-08-04,2170.0
2015-08-05,2170.0
2015-08-06,2170.0
2015-08-07,2150.0
2015-08-10,2130.0
2015-08-11,2120.0
2015-08-12,2170.0
2015-08-13,2190.0
2015-08-14,2200.0
2015-08-17,2200.0
2015-08-18,2200.0
2015-08-19,2200.0
2015-08-20,2190.0
2015-08-21,2170.0
2015-08-24,2140.0
2015-08-25,2110.0
2015-08-26,2090.0
2015-08-27,2080.0
2015-08-28,2080.0
2015-08-31,2080.0
2015-09-01,2080.0
2015-09-02,2070.0
2015-09-07,2060.0
2015-09-08,2050.0
2015-09-09,2060.0
2015-09-10,2070.0
2015-09-11,2070.0
2015-09-14,2060.0
2015-09-15,2050.0
2015-09-16,2030.0
2015-09-17,2020.0
2015-09-18,2010.0
2015-09-21,2010.0
2015-09-22,2010.0
2015-09-23,2000.0
2015-09-24,2000.0
2015-09-25,2000.0
2015-09-28,2000.0
2015-09-29,1990.0
2015-09-30,1990.0
2015-10-08,1980.0
2015-10-09,1960.0
2015-10-12,1960.0
2015-10-13,1960.0
2015-10-14,1950.0
2015-10-15,1940.0
2015-10-16,1940.0
2015-10-19,1940.0
2015-10-20,1940.0
2015-10-21,1940.0
2015-10-22,1940.0
2015-10-23,1940.0
2015-10-26,1950.0
2015-10-27,1960.0
2015-10-28,1960.0
2015-10-29,1960.0
2015-10-30,1960.0
2015-11-02,1960.0
2015-11-03,1980.0
2015-11-04,1980.0
2015-11-05,1980.0
2015-11-06,1960.0
2015-11-09,1950.0
2015-11-10,1940.0
2015-11-11,1930.0
2015-11-12,1910.0
2015-11-13,1900.0
2015-11-16,1880.0
2015-11-17,1860.0
2015-11-18,1840.0
2015-11-19,1810.0
2015-11-20,1800.0
2015-11-23,1780.0
2015-11-24,1770.0
2015-11-25,1770.0
2015-11-26,1780.0
2015-11-27,1780.0
2015-11-30,1770.0
2015-12-01,1770.0
2015-12-02,1750.0
2015-12-03,1740.0
2015-12-04,1740.0
2015-12-07,1740.0
2015-12-08,1730.0
2015-12-09,1720.0
2015-12-10,1710.0
2015-12-11,1700.0
2015-12-14,1690.0
2015-12-15,1690.0
2015-12-16,1700.0
2015-12-17,1710.0
2015-12-18,1740.0
2015-12-21,1780.0
2015-12-22,1780.0
2015-12-23,1780.0
2015-12-24,1780.0
2015-12-25,1780.0
2015-12-28,1780.0
2015-12-29,1810.0
2015-12-30,1850.0
2015-12-31,1890.0
2016-01-04,1920.0
2016-01-05,1940.0
2016-01-06,1940.0
2016-01-07,1930.0
2016-01-08,1910.0
2016-01-11,1890.0
2016-01-12,1870.0
2016-01-13,1860.0
2016-01-14,1860.0
2016-01-15,1860.0
2016-01-18,1860.0
2016-01-19,1870.0
2016-01-20,1870.0
2016-01-21,1860.0
2016-01-22,1860.0
2016-01-25,1860.0
2016-01-26,1860.0
2016-01-27,1860.0
2016-01-28,1860.0
2016-01-29,1860.0
2016-02-01,1860.0
2016-02-02,1860.0
2016-02-03,1860.0
2016-02-04,1860.0
2016-02-05,1860.0
2016-02-15,1860.0
2016-02-16,1860.0
2016-02-17,1870.0
2016-02-18,1870.0
2016-02-19,1880.0
2016-02-22,1910.0
2016-02-23,1920.0
2016-02-24,1920.0
2016-02-25,1920.0
2016-02-26,1920.0
2016-02-29,1920.0
2016-03-01,1940.0
2016-03-02,1970.0
2016-03-03,1980.0
2016-03-04,1980.0
2016-03-07,2310.0
2016-03-08,2430.0
2016-03-09,2330.0
2016-03-10,2290.0
2016-03-11,2270.0
2016-03-14,2210.0
2016-03-15,2170.0
2016-03-16,2140.0
2016-03-17,2190.0
2016-03-18,2230.0
2016-03-21,2270.0
2016-03-22,2270.0
2016-03-23,2290.0
2016-03-24,2280.0
2016-03-25,2270.0
2016-03-28,2320.0
2016-03-29,2320.0
2016-03-30,2310.0
2016-03-31,2320.0
2016-04-01,2350.0
2016-04-05,2370.0
2016-04-06,2370.0
2016-04-07,2400.0
2016-04-08,2370.0
2016-04-11,2470.0
2016-04-12,2500.0
2016-04-13,2550.0
2016-04-14,2580.0
2016-04-15,2570.0
2016-04-18,2610.0
2016-04-19,2730.0
2016-04-20,2840.0
2016-04-21,2950.0
2016-04-22,2950.0
2016-04-25,2940.0
2016-04-26,2860.0
2016-04-27,2810.0
2016-04-28,2790.0
2016-04-29,2830.0
2016-05-03,2790.0
2016-05-04,2750.0
2016-05-05,2700.0
2016-05-06,2650.0
2016-05-09,2520.0
2016-05-10,2420.0
2016-05-11,2420.0
2016-05-12,2430.0
2016-05-13,2310.0
2016-05-16,2310.0
2016-05-17,2280.0
2016-05-18,2280.0
2016-05-19,2250.0
2016-05-20,2230.0
2016-05-23,2140.0
2016-05-24,2050.0
2016-05-25,2040.0
2016-05-26,2000.0
2016-05-27,2040.0
2016-05-30,2030.0
2016-05-31,2010.0
2016-06-01,2000.0
2016-06-02,2000.0
2016-06-03,1990.0
2016-06-06,2050.0
2016-06-07,2070.0
2016-06-08,2070.0
2016-06-13,2120.0
2016-06-14,2130.0
2016-06-15,2110.0
2016-06-16,2100.0
2016-06-17,2100.0
2016-06-20,2100.0
2016-06-21,2100.0
2016-06-22,2110.0
2016-06-23,2120.0
2016-06-24,2120.0
2016-06-27,2170.0
2016-06-28,2180.0
2016-06-29,2180.0
2016-06-30,2180.0
2016-07-01,2200.0
2016-07-04,2250.0
2016-07-05,2240.0
2016-07-06,2220.0
2016-07-07,2210.0
2016-07-08,2220.0
2016-07-11,2240.0
2016-07-12,2300.0
2016-07-13,2320.0
2016-07-14,2320.0
2016-07-15,2320.0
2016-07-18,2290.0
2016-07-19,2260.0
2016-07-20,2240.0
2016-07-21,2270.0
2016-07-22,2280.0
2016-07-25,2290.0
2016-07-26,2290.0
2016-07-27,2320.0
2016-07-28,2360.0
2016-07-29,2370.0
2016-08-01,2400.0
2016-08-02,2410.0
2016-08-03,2400.0
2016-08-04,2370.0
2016-08-05,2380.0
2016-08-08,2410.0
2016-08-09,2420.0
2016-08-10,2420.0
2016-08-11,2420.0
2016-08-12,2430.0
2016-08-15,2430.0
2016-08-16,2460.0
2016-08-17,2470.0
2016-08-18,2470.0
2016-08-19,2470.0
2016-08-22,2520.0
2016-08-23,2530.0
2016-08-24,2530.0
2016-08-25,2510.0
2016-08-26,2490.0
2016-08-29,2490.0
2016-08-30,2480.0
2016-08-31,2450.0
2016-09-01,2450.0
2016-09-02,2480.0
2016-09-05,2500.0
2016-09-06,2510.0
2016-09-07,2480.0
2016-09-08,2440.0
2016-09-09,2420.0
2016-09-12,2390.0
2016-09-13,2380.0
2016-09-14,2370.0
2016-09-19,2290.0
2016-09-20,2290.0
2016-09-21,2290.0
2016-09-22,2310.0
2016-09-23,2310.0
2016-09-26,2360.0
2016-09-27,2350.0
2016-09-28,2330.0
2016-09-29,2340.0
2016-09-30,2340.0
2016-10-10,2350.0
2016-10-11,2370.0
2016-10-12,2380.0
2016-10-13,2380.0
2016-10-14,2410.0
2016-10-17,2470.0
2016-10-18,2480.0
2016-10-19,2510.0
2016-10-20,2510.0
2016-10-21,2500.0
2016-10-24,2490.0
2016-10-25,2540.0
2016-10-26,2530.0
2016-10-27,2520.0
2016-10-28,2510.0
2016-10-31,2550.0
2016-11-01,2600.0
2016-11-02,2630.0
2016-11-03,2640.0
2016-11-04,2690.0
2016-11-07,2840.0
2016-11-08,2870.0
2016-11-09,2930.0
2016-11-10,2950.0
2016-11-11,3010.0
2016-11-14,3000.0
2016-11-15,2960.0
2016-11-16,2880.0
2016-11-17,2840.0
2016-11-18,2840.0
2016-11-21,2840.0
2016-11-22,2890.0
2016-11-23,2910.0
2016-11-24,2930.0
2016-11-25,2980.0
2016-11-28,3170.0
2016-11-29,3190.0
2016-11-30,3070.0
2016-12-01,3110.0
2016-12-02,3140.0
2016-12-05,3240.0
2016-12-06,3260.0
2016-12-07,3330.0
2016-12-08,3330.0
2016-12-09,3350.0
2016-12-12,3560.0
2016-12-13,3560.0
2016-12-14,3510.0
2016-12-15,3470.0
2016-12-16,3470.0
2016-12-19,3390.0
2016-12-20,3340.0
2016-12-21,3340.0
2016-12-22,3330.0
2016-12-23,3280.0
2016-12-26,3180.0
2016-12-27,3160.0
2016-12-28,3190.0
2016-12-29,3190.0
2016-12-30,3150.0
2017-01-03,3150.0
2017-01-04,3150.0
2017-01-05,3150.0
2017-01-06,3130.0
2017-01-09,3120.0
2017-01-10,3150.0
2017-01-11,3180.0
2017-01-12,3180.0
2017-01-13,3180.0
2017-01-16,3230.0
2017-01-17,3230.0
2017-01-18,3230.0
2017-01-19,3230.0
2017-01-20,3230.0
2017-01-23,3230.0
2017-01-24,3230.0
2017-01-25,3230.0
2017-01-26,3230.0
2017-02-03,3230.0
2017-02-06,3230.0
2017-02-07,3230.0
2017-02-08,3250.0
2017-02-09,3270.0
2017-02-10,3300.0
2017-02-13,3440.0
2017-02-14,3450.0
2017-02-15,3450.0
2017-02-16,3480.0
2017-02-17,3490.0
2017-02-20,3640.0
2017-02-21,3690.0
2017-02-22,3640.0
2017-02-23,3620.0
2017-02-24,3600.0
2017-02-27,3750.0
2017-02-28,3760.0
2017-03-01,3760.0
2017-03-02,3760.0
2017-03-03,3740.0
2017-03-06,3740.0
2017-03-07,3730.0
2017-03-08,3720.0
2017-03-09,3680.0
2017-03-10,3690.0
2017-03-13,3740.0
2017-03-14,3750.0
2017-03-15,3790.0
2017-03-16,3780.0
2017-03-17,3750.0
2017-03-20,3750.0
2017-03-21,3740.0
2017-03-22,3680.0
2017-03-23,3660.0
2017-03-24,3670.0
2017-03-27,3580.0
2017-03-28,3570.0
2017-03-29,3580.0
2017-03-30,3580.0
2017-03-31,3580.0
2017-04-05,3600.0
2017-04-06,3610.0
2017-04-07,3530.0
2017-04-10,3510.0
2017-04-11,3450.0
2017-04-12,3360.0
2017-04-13,3340.0
2017-04-14,3350.0
2017-04-17,3310.0
2017-04-18,3260.0
2017-04-19,3240.0
2017-04-20,3240.0
2017-04-21,3280.0
2017-04-24,3250.0
2017-04-25,3270.0
2017-04-26,3320.0
2017-04-27,3320.0
2017-04-28,3380.0
2017-05-02,3470.0
2017-05-03,3450.0
2017-05-04,3390.0
2017-05-05,3340.0
2017-05-08,3390.0
2017-05-09,3390.0
2017-05-10,3440.0
2017-05-11,3450.0
2017-05-12,3430.0
2017-05-15,3480.0
2017-05-16,3490.0
2017-05-17,3560.0
2017-05-18,3610.0
2017-05-19,3690.0
2017-05-22,3810.0
2017-05-23,3820.0
2017-05-24,3780.0
2017-05-25,3780.0
2017-05-26,3760.0
2017-05-31,3750.0
2017-06-01,3730.0
2017-06-02,3700.0
2017-06-05,3640.0
2017-06-06,3610.0
2017-06-07,3610.0
2017-06-08,3610.0
2017-06-09,3610.0
2017-06-12,3610.0
2017-06-13,3590.0
2017-06-14,3560.0
2017-06-15,3580.0
2017-06-16,3600.0
2017-06-19,3600.0
2017-06-20,3580.0
2017-06-21,3540.0
2017-06-22,3520.0
2017-06-23,3470.0
2017-06-26,3480.0
2017-06-27,3510.0
2017-06-28,3560.0
2017-06-29,3590.0
2017-06-30,3590.0
2017-07-03,3650.0
2017-07-04,3660.0
2017-07-05,3660.0
2017-07-06,3640.0
2017-07-07,3610.0
2017-07-10,3650.0
2017-07-11,3710.0
2017-07-12,3730.0
2017-07-13,3730.0
2017-07-14,3720.0
2017-07-17,3750.0
2017-07-18,3750.0
2017-07-19,3760.0
2017-07-20,3760.0
2017-07-21,3740.0
2017-07-24,3760.0
2017-07-25,3780.0
2017-07-26,3780.0
2017-07-27,3780.0
2017-07-28,3780.0
2017-07-31,3850.0
2017-08-01,3880.0
2017-08-02,3880.0
2017-08-03,3880.0
2017-08-04,3910.0
2017-08-07,4080.0
2017-08-08,4090.0
2017-08-09,4070.0
2017-08-10,4090.0
2017-08-11,4100.0
2017-08-14,4070.0
2017-08-15,3990.0
2017-08-16,3960.0
2017-08-17,4010.0
2017-08-18,4010.0
2017-08-21,4110.0
2017-08-22,4140.0
2017-08-23,4050.0
2017-08-24,4070.0
2017-08-25,4130.0
2017-08-28,4060.0
2017-08-29,4060.0
2017-08-30,4040.0
2017-08-31,4030.0
2017-09-01,4120.0
2017-09-04,4180.0
2017-09-05,4180.0
2017-09-06,4160.0
2017-09-07,4120.0
2017-09-08,4110.0
2017-09-11,4080.0
2017-09-12,4080.0
2017-09-13,4100.0
2017-09-14,4090.0
2017-09-15,4060.0
2017-09-18,4040.0
2017-09-19,4040.0
2017-09-20,4030.0
2017-09-21,3980.0
2017-09-22,3890.0
2017-09-25,3880.0
2017-09-26,3880.0
2017-09-27,3890.0
2017-09-28,3880.0
2017-09-29,3870.0
2017-10-09,3970.0
2017-10-10,3930.0
2017-10-11,3930.0
2017-10-12,3920.0
2017-10-13,3990.0
2017-10-16,4050.0
2017-10-17,3980.0
2017-10-18,3960.0
2017-10-19,3900.0
2017-10-20,3930.0
2017-10-23,3950.0
2017-10-24,3980.0
2017-10-25,3980.0
2017-10-26,3950.0
2017-10-27,3930.0
2017-10-30,3930.0
2017-10-31,3930.0
2017-11-01,3940.0
2017-11-02,3950.0
2017-11-03,3950.0
2017-11-06,4010.0
2017-11-07,4030.0
2017-11-08,4030.0
2017-11-09,4070.0
2017-11-10,4090.0
2017-11-13,4140.0
2017-11-14,4170.0
2017-11-15,4160.0
2017-11-16,4150.0
2017-11-17,4150.0
2017-11-20,4190.0
2017-11-21,4260.0
2017-11-22,4290.0
2017-11-23,4320.0
2017-11-24,4330.0
2017-11-27,4460.0
2017-11-28,4540.0
2017-11-29,4610.0
2017-11-30,4800.0
2017-12-01,4810.0
2017-12-04,4950.0
2017-12-05,4980.0
2017-12-06,4930.0
2017-12-07,4840.0
2017-12-08,4800.0
2017-12-11,4900.0
2017-12-12,4920.0
2017-12-13,4900.0
2017-12-14,4830.0
2017-12-15,4800.0
2017-12-18,4830.0
2017-12-19,4770.0
2017-12-20,4670.0
2017-12-21,4670.0
2017-12-22,4670.0
2017-12-25,4510.0
2017-12-26,4350.0
2017-12-27,4350.0
2017-12-28,4320.0
2017-12-29,4320.0
2018-01-02,4330.0
2018-01-03,4290.0
2018-01-04,4140.0
2018-01-05,4000.0
2018-01-08,3920.0
2018-01-09,3920.0
2018-01-10,3920.0
2018-01-11,3890.0
2018-01-12,3820.0
2018-01-15,3760.0
2018-01-16,3780.0
2018-01-17,3790.0
2018-01-18,3830.0
2018-01-19,3870.0
2018-01-22,3940.0
2018-01-23,3890.0
2018-01-24,3890.0
2018-01-25,3900.0
2018-01-26,3900.0
2018-01-29,3900.0
2018-01-30,3890.0
2018-01-31,3890.0
2018-02-01,3890.0
2018-02-02,3900.0
2018-02-05,3900.0
2018-02-06,3900.0
2018-02-07,3900.0
2018-02-08,3900.0
2018-02-09,3900.0
2018-02-12,3900.0
2018-02-13,3900.0
2018-02-14,3900.0
2018-02-22,3900.0
2018-02-23,3900.0
2018-02-26,4090.0
2018-02-27,4100.0
2018-02-28,4100.0
2018-03-01,4100.0
2018-03-02,4100.0
2018-03-05,4050.0
2018-03-06,4030.0
2018-03-07,4000.0
2018-03-08,3930.0
2018-03-09,3860.0
2018-03-12,3880.0
2018-03-13,3880.0
2018-03-14,3860.0
2018-03-15,3860.0
2018-03-16,3860.0
2018-03-19,3830.0
2018-03-20,3770.0
2018-03-21,3770.0
2018-03-22,3730.0
2018-03-23,3550.0
2018-03-26,3510.0
2018-03-27,3560.0
2018-03-28,3560.0
2018-03-29,3590.0
2018-03-30,3650.0
2018-04-02,3730.0
2018-04-03,3710.0
2018-04-04,3690.0
2018-04-09,3670.0
2018-04-10,3720.0
2018-04-11,3740.0
2018-04-12,3730.0
2018-04-13,3730.0
2018-04-16,3720.0
2018-04-17,3730.0
2018-04-18,3790.0
2018-04-19,3850.0
2018-04-20,3850.0
2018-04-23,3910.0
2018-04-24,3940.0
2018-04-25,3950.0
2018-04-26,3950.0
2018-04-27,3960.0
2018-05-02,4120.0
2018-05-03,4140.0
2018-05-04,4090.0
2018-05-07,4060.0
2018-05-08,4040.0
2018-05-09,4010.0
2018-05-10,3990.0
2018-05-11,4020.0
2018-05-14,4030.0
2018-05-15,4040.0
2018-05-16,4030.0
2018-05-17,4030.0
2018-05-18,4000.0
2018-05-21,3990.0
2018-05-22,3940.0
2018-05-23,3860.0
2018-05-24,3830.0
2018-05-25,3850.0
2018-05-28,3870.0
2018-05-29,3910.0
2018-05-30,3930.0
2018-05-31,3970.0
2018-06-01,4050.0
2018-06-04,4040.0
2018-06-05,4000.0
2018-06-06,4040.0
2018-06-07,4110.0
2018-06-08,4110.0
2018-06-11,4100.0
2018-06-12,4140.0
2018-06-13,4200.0
2018-06-14,4220.0
2018-06-15,4220.0
2018-06-19,4160.0
2018-06-20,4130.0
2018-06-21,4170.0
2018-06-22,4140.0
2018-06-25,4090.0
2018-06-26,4020.0
2018-06-27,4020.0
2018-06-28,4040.0
2018-06-29,4060.0
2018-07-02,4060.0
2018-07-03,4010.0
2018-07-04,4020.0
2018-07-05,4020.0
2018-07-06,3980.0
2018-07-09,4010.0
2018-07-10,4070.0
2018-07-11,4070.0
2018-07-12,4130.0
2018-07-13,4130.0
2018-07-16,4100.0
2018-07-17,4070.0
2018-07-18,4070.0
2018-07-19,4110.0
2018-07-20,4110.0
2018-07-23,4130.0
2018-07-24,4140.0
2018-07-25,4140.0
2018-07-26,4140.0
2018-07-27,4180.0
2018-07-30,4220.0
2018-07-31,4260.0
2018-08-01,4270.0
2018-08-02,4220.0
2018-08-03,4220.0
2018-08-06,4250.0
2018-08-07,4300.0
2018-08-08,4300.0
2018-08-09,4290.0
2018-08-10,4300.0
2018-08-13,4380.0
2018-08-14,4400.0
2018-08-15,4400.0
2018-08-16,4390.0
2018-08-17,4410.0
2018-08-20,4510.0
2018-08-21,4520.0
2018-08-22,4500.0
2018-08-23,4500.0
2018-08-24,4490.0
2018-08-27,4500.0
2018-08-28,4480.0
2018-08-29,4490.0
2018-08-30,4460.0
2018-08-31,4440.0
2018-09-03,4470.0
2018-09-04,4510.0
2018-09-05,4510.0
2018-09-06,4540.0
2018-09-07,4590.0
2018-09-10,4640.0
2018-09-11,4590.0
2018-09-12,4540.0
2018-09-13,4550.0
2018-09-14,4580.0
2018-09-17,4630.0
2018-09-18,4640.0
2018-09-19,4660.0
2018-09-20,4640.0
2018-09-21,4630.0
2018-09-25,4600.0
2018-09-26,4580.0
2018-09-27,4600.0
2018-09-28,4550.0
2018-10-08,4580.0
2018-10-09,4600.0
2018-10-10,4600.0
2018-10-11,4590.0
2018-10-12,4590.0
2018-10-15,4610.0
2018-10-16,4610.0
2018-10-17,4630.0
2018-10-18,4630.0
2018-10-19,4620.0
2018-10-22,4640.0
2018-10-23,4640.0
2018-10-24,4640.0
2018-10-25,4660.0
2018-10-26,4700.0
2018-10-29,4700.0
2018-10-30,4700.0
2018-10-31,4700.0
2018-11-01,4700.0
2018-11-02,4690.0
2018-11-05,4690.0
2018-11-06,4670.0
2018-11-07,4620.0
2018-11-08,4580.0
2018-11-09,4580.0
2018-11-12,4500.0
2018-11-13,4460.0
2018-11-14,4450.0
2018-11-15,4430.0
2018-11-16,4400.0
2018-11-19,4300.0
2018-11-20,4200.0
2018-11-21,4030.0
2018-11-22,4030.0
2018-11-23,3970.0
2018-11-26,3840.0
2018-11-27,3820.0
2018-11-28,3860.0
2018-11-29,3880.0
2018-11-30,3870.0
2018-12-03,4010.0
2018-12-04,3980.0
2018-12-05,3980.0
2018-12-06,3960.0
2018-12-07,3920.0
2018-12-10,3860.0
2018-12-11,3830.0
2018-12-12,3830.0
2018-12-13,3850.0
2018-12-14,3870.0
2018-12-17,3890.0
2018-12-18,3860.0
2018-12-19,3840.0
2018-12-20,3850.0
2018-12-21,3870.0
2018-12-24,3840.0
2018-12-25,3790.0
2018-12-26,3790.0
2018-12-27,3810.0
2018-12-28,3810.0
2019-01-02,3770.0
2019-01-03,3780.0
2019-01-04,3780.0
2019-01-07,3810.0
2019-01-08,3800.0
2019-01-09,3800.0
2019-01-10,3800.0
2019-01-11,3780.0
2019-01-14,3770.0
2019-01-15,3750.0
2019-01-16,3750.0
2019-01-17,3750.0
2019-01-18,3750.0
2019-01-21,3770.0
2019-01-22,3780.0
2019-01-23,3780.0
2019-01-24,3780.0
2019-01-25,3780.0
2019-01-28,3780.0
2019-01-29,3780.0
2019-01-30,3780.0
2019-01-31,3780.0
2019-02-01,3780.0
2019-02-11,3820.0
2019-02-12,3860.0
2019-02-13,3860.0
2019-02-14,3840.0
2019-02-15,3810.0
2019-02-18,3810.0
2019-02-19,3790.0
2019-02-20,3760.0
2019-02-21,3760.0
2019-02-22,3790.0
2019-02-25,3810.0
2019-02-26,3810.0
2019-02-27,3820.0
2019-02-28,3820.0
2019-03-01,3860.0
2019-03-04,3880.0
2019-03-05,3870.0
2019-03-06,3860.0
2019-03-07,3850.0
2019-03-08,3870.0
2019-03-11,3840.0
2019-03-12,3880.0
2019-03-13,3890.0
2019-03-14,3890.0
2019-03-15,3890.0
2019-03-18,3920.0
2019-03-19,3940.0
2019-03-20,3950.0
2019-03-21,3950.0
2019-03-22,3940.0
2019-03-25,3910.0
2019-03-26,3900.0
2019-03-27,3900.0
2019-03-28,3900.0
2019-03-29,3900.0
2019-04-01,3920.0
2019-04-02,3950.0
2019-04-03,3960.0
2019-04-04,3960.0
2019-04-08,4050.0
2019-04-09,4100.0
2019-04-10,4090.0
2019-04-11,4090.0
2019-04-12,4090.0
2019-04-15,4140.0
2019-04-16,4150.0
2019-04-17,4130.0
2019-04-18,4110.0
2019-04-19,4100.0
2019-04-22,4170.0
2019-04-23,4130.0
2019-04-24,4110.0
2019-04-25,4130.0
2019-04-26,4130.0
2019-04-29,4140.0
2019-04-30,4140.0
2019-05-06,4160.0
2019-05-07,4160.0
2019-05-08,4150.0
2019-05-09,4100.0
2019-05-10,4100.0
2019-05-13,4070.0
2019-05-14,4020.0
2019-05-15,4020.0
2019-05-16,4040.0
2019-05-17,4070.0
2019-05-20,4070.0
2019-05-21,4100.0
2019-05-22,4120.0
2019-05-23,4110.0
2019-05-24,4090.0
2019-05-27,4070.0
2019-05-28,4060.0
2019-05-29,4030.0
2019-05-30,4030.0
2019-05-31,3990.0
2019-06-03,3970.0
2019-06-04,3950.0
2019-06-05,3970.0
2019-06-06,3950.0
2019-06-10,3920.0
2019-06-11,3950.0
2019-06-12,3960.0
2019-06-13,3920.0
2019-06-14,3920.0
2019-06-17,3860.0
2019-06-18,3850.0
2019-06-19,3860.0
2019-06-20,3870.0
2019-06-21,3890.0
2019-06-24,3950.0
2019-06-25,3960.0
2019-06-26,3960.0
2019-06-27,4010.0
2019-06-28,4010.0
2019-07-01,4070.0
2019-07-02,4030.0
2019-07-03,3990.0
2019-07-04,4000.0
2019-07-05,3990.0
2019-07-08,3980.0
2019-07-09,4010.0
2019-07-10,4000.0
2019-07-11,3990.0
2019-07-12,3990.0
2019-07-15,3970.0
2019-07-16,4000.0
2019-07-17,4000.0
2019-07-18,3990.0
2019-07-19,3980.0
2019-07-22,4000.0
2019-07-23,3990.0
2019-07-24,3950.0
2019-07-25,3950.0
2019-07-26,3960.0
2019-07-29,3940.0
2019-07-30,3940.0
2019-07-31,3940.0
2019-08-01,3910.0
2019-08-02,3860.0
2019-08-05,3820.0
2019-08-06,3780.0
2019-08-07,3770.0
2019-08-08,3780.0
2019-08-09,3700.0
2019-08-12,3660.0
2019-08-13,3700.0
2019-08-14,3710.0
2019-08-15,3710.0
2019-08-16,3720.0
2019-08-19,3740.0
2019-08-20,3720.0
2019-08-21,3670.0
2019-08-22,3690.0
2019-08-23,3690.0
2019-08-26,3660.0
2019-08-27,3590.0
2019-08-28,3580.0
2019-08-29,3590.0
2019-08-30,3600.0
2019-09-02,3640.0
2019-09-03,3650.0
2019-09-04,3650.0
2019-09-05,3690.0
2019-09-06,3670.0
2019-09-09,3700.0
2019-09-10,3720.0
2019-09-11,3710.0
2019-09-12,3720.0
2019-09-16,3760.0
2019-09-17,3760.0
2019-09-18,3740.0
2019-09-19,3710.0
2019-09-20,3680.0
2019-09-23,3750.0
2019-09-24,3760.0
2019-09-25,3750.0
2019-09-26,3760.0
2019-09-27,3760.0
2019-09-30,3810.0
2019-10-08,3830.0
2019-10-09,3790.0
2019-10-10,3780.0
2019-10-11,3740.0
2019-10-14,3760.0
2019-10-15,3730.0
2019-10-16,3710.0
2019-10-17,3670.0
2019-10-18,3670.0
2019-10-21,3650.0
2019-10-22,3650.0
2019-10-23,3670.0
2019-10-24,3670.0
2019-10-25,3670.0
2019-10-28,3690.0
2019-10-29,3700.0
2019-10-30,3710.0
2019-10-31,3730.0
2019-11-01,3740.0
2019-11-04,3740.0
2019-11-05,3760.0
2019-11-06,3790.0
2019-11-07,3790.0
2019-11-08,3790.0
2019-11-11,3770.0
2019-11-12,3800.0
2019-11-13,3840.0
2019-11-14,3870.0
2019-11-15,3960.0
2019-11-18,4010.0
2019-11-19,4040.0
2019-11-20,4150.0
2019-11-21,4150.0
2019-11-22,4140.0
2019-11-25,4180.0
2019-11-26,4160.0
2019-11-27,4120.0
2019-11-28,4080.0
2019-11-29,4080.0
2019-12-02,4070.0
2019-12-03,4070.0
2019-12-04,4040.0
2019-12-05,3990.0
2019-12-06,3940.0
2019-12-09,3960.0
2019-12-10,3970.0
2019-12-11,3970.0
2019-12-12,3940.0
2019-12-13,3910.0
2019-12-16,3890.0
2019-12-17,3860.0
2019-12-18,3860.0
2019-12-19,3860.0
2019-12-20,3860.0
2019-12-23,3850.0
2019-12-24,3800.0
2019-12-25,3740.0
2019-12-26,3700.0
2019-12-27,3700.0
2019-12-30,3720.0
2019-12-31,3730.0
2020-01-02,3750.0
2020-01-03,3750.0
2020-01-06,3750.0
2020-01-07,3750.0
2020-01-08,3750.0
2020-01-09,3750.0
2020-01-10,3750.0
2020-01-13,3750.0
2020-01-14,3750.0
2020-01-15,3750.0
2020-01-16,3750.0
2020-01-17,3750.0
2020-01-20,3750.0
2020-01-21,3750.0
2020-01-22,3750.0
2020-01-23,3750.0
2020-02-03,3680.0
2020-02-04,3630.0
2020-02-05,3580.0
2020-02-06,3520.0
2020-02-07,3470.0
2020-02-10,3440.0
2020-02-11,3440.0
2020-02-12,3440.0
2020-02-13,3440.0
2020-02-14,3440.0
2020-02-17,3440.0
2020-02-18,3440.0
2020-02-19,3430.0
2020-02-20,3430.0
2020-02-21,3450.0
2020-02-24,3500.0
2020-02-25,3500.0
2020-02-26,3500.0
2020-02-27,3470.0
2020-02-28,3420.0
2020-03-02,3370.0
2020-03-03,3420.0
2020-03-04,3420.0
2020-03-05,3440.0
2020-03-06,3440.0
2020-03-09,3420.0
2020-03-10,3430.0
2020-03-11,3470.0
2020-03-12,3480.0
2020-03-13,3470.0
2020-03-16,3560.0
2020-03-17,3540.0
2020-03-18,3570.0
2020-03-19,3520.0
2020-03-20,3520.0
2020-03-23,3500.0
2020-03-24,3500.0
2020-03-25,3520.0
2020-03-26,3520.0
2020-03-27,3520.0
2020-03-30,3470.0
2020-03-31,3470.0
2020-04-01,3430.0
2020-04-02,3400.0
2020-04-03,3420.0
2020-04-07,3420.0
2020-04-08,3440.0
2020-04-09,3460.0
2020-04-10,3480.0
2020-04-13,3510.0
2020-04-14,3520.0
2020-04-15,3490.0
2020-04-16,3490.0
2020-04-17,3490.0
2020-04-20,3480.0
2020-04-21,3450.0
2020-04-22,3460.0
2020-04-23,3470.0
2020-04-24,3470.0
2020-04-27,3480.0
2020-04-28,3460.0
2020-04-29,3460.0
2020-04-30,3460.0
2020-05-06,3490.0
2020-05-07,3510.0
2020-05-08,3530.0
2020-05-11,3520.0
2020-05-12,3520.0
